first_name,last_name,job_title,department,email,address,phone_number,salary,password
Jessica,Reyes,Health physicist,Art therapist,davidwatson@example.net,New Christophermouth,(669)443-3917,6332,pABMBcuG
Erika,Fischer,Dramatherapist,Clinical embryologist,charles83@example.org,South Peter,(679)413-8021,1758,86RwAKs6
Savannah,Osborne,"Geologist, wellsite",Radio broadcast assistant,stephanieweaver@example.com,Loganport,771-472-8930,38539,GGWFSSmn
Leslie,Collins,Market researcher,Transport planner,marcuswilliams@example.org,Erinburgh,886-931-3198x89400,48388,1PdnN3qK
Peter,Brooks,"Administrator, local government","Nurse, children's",markrobinson@example.net,East Jamesbury,384-964-7846x503,37146,bQAlkgwZ
Jason,Johnson,"Designer, blown glass/stained glass",Patent examiner,brittany99@example.net,South Amandaland,668-755-0159x76621,31285,XmJiKKIm
James,Martin,"Conservator, furniture",Surgeon,cooperbrent@example.org,Lake Christinamouth,+1-518-576-2487x5587,51718,awy5vJvF
Susan,Hernandez,Site engineer,Translator,corey40@example.net,South Richardchester,(522)489-7626x09032,19191,fAtx1bKV
Keith,Sharp,Plant breeder/geneticist,"Engineer, materials",tanyacox@example.org,Campbellborough,(828)586-0931,99947,48V3ZYSh
Laura,Oliver,Museum/gallery exhibitions officer,Computer games developer,hollywarren@example.net,Nunezfort,(566)248-4554,78994,4rxM1oj6
Brian,Mcguire,Building control surveyor,Clothing/textile technologist,lucaspaul@example.com,Lake Dustin,979-664-1843,509,fmGQRw5i
Ralph,Flores,"Engineer, aeronautical",Records manager,jerry52@example.com,Port Kaitlynstad,+1-481-263-3644x4744,34434,NMWyPsZ4
Sabrina,Espinoza,"Copywriter, advertising",Firefighter,zjames@example.org,West Allen,6869479321,49765,W5z5R25d
Malik,Chambers,Geophysical data processor,Chief Operating Officer,mckinneykayla@example.com,Derekborough,5094131893,7117,U9Xmvhat
Bryan,Torres,"Programmer, applications",Clinical molecular geneticist,shelley63@example.org,Stephenburgh,4082518277,74127,NwMmTRBy
David,Cruz,Publishing copy,Product designer,moorewalter@example.com,New Christopherville,856-875-5089x373,86473,L1d5JwHi
Timothy,Williams,Chartered public finance accountant,Records manager,zeverett@example.com,East Andrew,830.650.3220,9550,rdH8zHEt
Larry,Brown,Geophysical data processor,Quarry manager,zmacdonald@example.org,North Jennifer,+1-649-364-7746x285,83448,m4F3IjKf
Mary,Mcdonald,"Conservation officer, nature",Architectural technologist,robertbruce@example.org,Lopezland,+1-312-363-2998x784,6196,OeDE48lY
Amanda,Patterson,Office manager,Food technologist,wilsonnicholas@example.net,South Robert,+1-402-740-1313,16534,sllOX4qW
Rebecca,Garcia,Soil scientist,"Editor, film/video",jonathan84@example.org,North Lindsaybury,+1-388-762-5715x378,88936,fUJEwztv
Jeffrey,Beard,"Librarian, academic",Financial adviser,qanderson@example.org,Jenkinsview,9253552456,31608,mkrN7bcn
Brandy,Simpson,Prison officer,Company secretary,holdertimothy@example.com,Lake Joe,(500)613-2526x04952,55297,yVFdD7ph
Daniel,Baxter,Theme park manager,Adult guidance worker,bwong@example.org,North Ashleymouth,(325)427-1460x537,33957,H0NmJPfP
Nathaniel,Valentine,"Surveyor, planning and development",Musician,lwashington@example.com,Emilyburgh,(379)441-7806x4597,58858,y8Af80Us
William,West,Financial trader,Hydrologist,william68@example.com,East Erictown,341-244-3236,99538,1Vmtam6f
Mary,Blake,TEFL teacher,Freight forwarder,xhoover@example.org,North William,(915)322-0370,15328,WQ8RPeLr
Michelle,Rogers,Energy engineer,Dance movement psychotherapist,cranemiguel@example.com,East Virginia,+1-526-458-5874x7309,23790,nPU3pNXK
Gwendolyn,Campbell,Ranger/warden,Physiotherapist,ericacastaneda@example.org,Russellside,450.696.6081x342,13142,7DicXuII
Jacob,Thornton,Primary school teacher,"Scientist, product/process development",vramirez@example.net,Davidfurt,(931)963-2369,166,eLvHWDva
Judy,Villanueva,Printmaker,Forensic scientist,debrawalsh@example.com,Melendezview,+1-438-385-5421x68935,28376,3lGm2t2P
Kelsey,Perez,"Runner, broadcasting/film/video",Restaurant manager,kramerchristine@example.net,Nicholaston,+1-678-441-3255x99658,69112,FpiBshSv
Seth,Schultz,Industrial buyer,Wellsite geologist,hbell@example.com,South Aaron,615-297-9247,23334,1TOckoYE
Barbara,Webster,Careers information officer,Public affairs consultant,smyers@example.com,Hectorport,912-453-4370,21710,cVQVHf7R
Richard,Williams,Medical technical officer,IT sales professional,sean98@example.org,Mariaside,(925)405-0422x7744,13110,DcXKg5fk
Micheal,Robinson,"Surveyor, land/geomatics",Holiday representative,srobertson@example.org,Susanchester,911.802.1205x4088,56460,CjqWVte6
Robert,Clark,Sports development officer,Architectural technologist,taylorvictor@example.net,Stanleyland,995-358-2775x0586,5468,lQuo7GYd
Lauren,Johnson,"Engineer, manufacturing","Buyer, retail",qbrown@example.net,Lake Sarahton,001-470-972-3153x209,57778,kB9ZixDe
Gregory,Evans,Water quality scientist,English as a second language teacher,martinpaul@example.net,West Theresa,001-921-813-3000x7495,33452,9wkY10i8
Dawn,Cole,Television camera operator,"Conservation officer, nature",julie73@example.org,Smithside,901-618-6687x3946,23785,9JvVL9UA
Daniel,Johnston,"Conservation officer, historic buildings","Horticulturist, commercial",skirby@example.net,Lozanostad,(417)891-7846,46216,8NE0ymyE
Elizabeth,Johnson,Community development worker,Dentist,pbarnett@example.org,New Andrewborough,(577)206-6693x22044,71156,A1UH1PXe
James,Henry,Rural practice surveyor,Higher education careers adviser,wcosta@example.org,Karenview,834.325.2945x29142,63099,xgfxEfem
Heather,Dixon,International aid/development worker,Office manager,vasquezscott@example.org,Smithchester,001-716-590-3651x89292,50520,ow5EXOma
Angela,Chen,"Engineer, land","Editor, commissioning",greerlaura@example.com,Waltonchester,(508)590-9188,54874,76f1mUDj
Michael,Grant,"Engineer, broadcasting (operations)",Clinical research associate,mccallamanda@example.net,Valdezport,001-525-770-1281x286,87017,O7tXBreX
Sara,Peters,Insurance account manager,Sub,christopher04@example.com,Lake Kevin,+1-375-832-7832x021,73664,F483QmkL
Ronald,Harris,Animal technologist,Cartographer,elizabeth39@example.com,South Joshuachester,(868)916-6447x02978,28007,vibPu3RO
Megan,Herrera,"Lecturer, higher education","Journalist, broadcasting",sharon83@example.com,Jamesbury,001-436-993-3099x007,83161,GCB8BSp1
Cory,Guerra,"Presenter, broadcasting",Agricultural consultant,arnoldjustin@example.net,Dalefurt,001-738-654-1507,66014,SJGyp06G
Misty,Blair,Translator,Biomedical scientist,dweaver@example.net,Mooreberg,+1-741-881-4949x463,40272,kyx5mfcH
Leslie,Pacheco,"Development worker, community",Seismic interpreter,deangiles@example.net,Dickersonmouth,(276)438-8655,47618,eTa4fREm
Steven,Elliott,"Engineer, manufacturing",Structural engineer,thomasclark@example.net,New Taylor,+1-782-470-9366x301,18629,vktOj5GB
James,Pena,Financial risk analyst,Archivist,lisa66@example.com,Kennethhaven,588.298.7342,15319,aSg6fgdL
Anita,Davis,Research scientist (maths),Tax adviser,ibowman@example.com,Port John,(572)780-5848,32676,eNk17xF8
Troy,Gibson,Chief of Staff,Advertising copywriter,bradley27@example.com,Port Caitlynport,741-937-1951x95299,53050,xK6HxcBL
Sheryl,Anderson,Investment analyst,Applications developer,brandontorres@example.com,New Daniel,842.210.9258x78178,93831,AIb88Vm8
Drew,Allison,Government social research officer,Pension scheme manager,kennethgrimes@example.net,Joshuastad,443-286-9148,82411,IKfceEGK
April,Williams,Community pharmacist,Physiotherapist,adouglas@example.org,Rowetown,769.497.9177,98997,krO5wAOw
Emily,Pruitt,"Designer, textile","Engineer, building services",johnrodriguez@example.org,New Stacey,(280)712-8007x452,34147,ofnShE9Z
Michelle,Gomez,Administrator,Information systems manager,tinaramirez@example.com,Callahanshire,206-790-1550x1089,25799,6CbJU7n8
Tammy,Khan,"Designer, industrial/product",Tourism officer,tthompson@example.org,Nelsonville,810.471.8986x8791,45979,jntxzAhK
Erin,Palmer,Forensic psychologist,"Lighting technician, broadcasting/film/video",peterwatson@example.net,Paulhaven,+1-944-491-0049x6790,16604,fUmmSedm
Robert,Jones,Systems analyst,Musician,juanpayne@example.net,Jameshaven,775-895-0262x6813,65662,8JBpPC4y
Melissa,Snyder,"Engineer, structural",Operational researcher,amberbutler@example.net,South Frank,923-483-1583x980,21790,v9F0DMLd
Jeffrey,Coleman,Chief Operating Officer,Tree surgeon,ryanellis@example.net,West Gina,001-595-937-8193,17045,4BmiDyC2
Patrick,Keller,Trade union research officer,Dealer,natashapeterson@example.net,Sarahtown,889-900-7974x86352,54367,eRriRdt1
Megan,Sims,"Nurse, learning disability",Building services engineer,benjaminadams@example.com,New Paul,332-860-3436x8750,28809,SvHQhUmD
Rebecca,Taylor,Mining engineer,Analytical chemist,raymondjohn@example.com,West Rodney,816.875.2625x886,77081,Qedq43p7
Keith,Ward,Armed forces logistics/support/administrative officer,"Journalist, magazine",jameshowell@example.com,Langland,317.209.2745x88884,60245,gYBeVzHD
Cynthia,Odom,Corporate investment banker,Social researcher,dbarber@example.net,New Mary,001-293-381-4034x7547,61995,Oneixchm
David,Simmons,Copy,Careers information officer,bryan31@example.com,South Shannonstad,001-543-482-3663x344,64305,o9gamN7I
Brandon,Smith,"Engineer, maintenance","Scientist, clinical (histocompatibility and immunogenetics)",david38@example.com,Port Zacharybury,+1-762-844-7807x0672,22914,z87eHWne
Bradley,Ortiz,Curator,Energy engineer,nicoledouglas@example.net,South Randy,927.668.2358x256,44265,aW0FYB5t
Erik,Mendez,Accounting technician,Biomedical engineer,lbullock@example.net,North Carl,001-884-867-9624x72331,27202,MIsORVCg
Stephen,Gutierrez,Air cabin crew,"Surveyor, mining",wendy24@example.net,Mcdonaldfurt,832.762.8057,68677,PbFJ5cwK
William,Mccoy,Licensed conveyancer,Network engineer,ygriffin@example.net,Josephmouth,503-854-0092,63901,tkQrArNn
Garrett,Smith,"Surveyor, hydrographic",Visual merchandiser,lauren81@example.org,Garciashire,490-493-7097x72504,81664,USnb8jkl
Maria,Foster,Chartered legal executive (England and Wales),Counselling psychologist,tammie62@example.org,Grantside,245-942-9194,77673,Kkg676fN
Paul,Jackson,Product manager,Legal secretary,maria33@example.net,New John,885.536.3739x128,92616,l1sjoLTj
Timothy,Coleman,Communications engineer,"Therapist, occupational",watsonnathaniel@example.com,Elaineburgh,001-794-648-1669x31833,82455,vAueUJXP
Douglas,Walton,Biomedical engineer,Counsellor,eileen38@example.com,Thompsonmouth,309-368-5463,17451,dwL1qyFU
Ryan,Lopez,Personal assistant,Translator,kimmicheal@example.com,Michaelmouth,001-946-447-5300x768,79526,Vjqxnz4k
John,Navarro,"Surveyor, building control",Ranger/warden,vbarron@example.net,East Timothyton,(396)401-6476x518,5972,hMbOGtA2
Nathan,Wolf,Chief Operating Officer,Immunologist,ericasmith@example.org,Sheppardborough,797-385-8509,6547,Bi1Vm6Jo
Christy,Powell,Fisheries officer,Magazine journalist,robertroberson@example.com,Claireton,318-288-7897,30872,LGwAHy0A
Carl,Petersen,Education administrator,Product/process development scientist,rodriguezmartha@example.org,Johnsonburgh,(755)646-6533x43264,66263,BIeT8D9w
Rachel,Griffin,"Editor, commissioning","Surveyor, building control",dawn20@example.net,South Sabrina,344-749-1444,23638,QnjmysLj
Samantha,Ballard,Fitness centre manager,Estate agent,ncastro@example.com,New Courtney,951.219.6742,51939,9ufi9fc8
Belinda,Pearson,"Psychologist, occupational",Cartographer,judiththomas@example.com,Port Patriciastad,(609)645-4988x38747,96311,CqNS8PIm
Megan,Chen,Public affairs consultant,Commissioning editor,cruzjohn@example.com,New Kyle,555-886-0707x07932,49823,3vBImOKw
Angel,Davidson,"Psychologist, sport and exercise",Counsellor,snixon@example.net,East Nicolebury,871-717-4750x71537,33595,t3kKSwCK
Amanda,Johnson,Medical physicist,Marine scientist,scott32@example.net,Thompsonton,001-245-435-3702x58099,92753,iHHlMX3q
Steven,Johnson,Customer service manager,Copy,lindsay89@example.net,South Amy,(529)537-0088,63803,60ChKlLc
Bradley,Williams,Broadcast presenter,Community pharmacist,ballpatrick@example.com,South Debraborough,952-501-1003x82386,85658,rPiSBctS
Douglas,Joseph,Teaching laboratory technician,Cartographer,omontgomery@example.org,Lake Jamieport,+1-816-593-9103x280,9084,36ybfE13
John,Collier,Geochemist,Geographical information systems officer,allisonfritz@example.com,Harttown,8169753082,37896,NEkrdEU2
Jeremy,Ross,Publishing copy,Systems analyst,spencerbrown@example.net,Port Brandonburgh,746.790.0863x031,73436,MXkDxrL2
Michele,Leonard,"Psychologist, clinical",Technical author,davisian@example.net,Brandonmouth,001-474-366-4226,57921,yEhVNrpA
Zachary,Waters,Air cabin crew,"Social research officer, government",david01@example.org,Johnsonchester,975.455.2500x363,50667,7lL0bcsO
